<resources>
    <string name="app_name">AS_20190313</string>
    <string name="headline">\'아빠어디가\' 성동일 막내딸 성율, 아빠 품에 쏙 \'귀여워\'</string>
    <string name="content">배우 성동일이 아이들과 함께 한 모습을 공개했다.
                           10일 방송된 MBC \'일밤-아빠 어디가\'에서는 다섯 아빠와 아이들이
                           제주도 여행을 떠나는 내용이 전파를 탔다. 성동일은 아들 준이와
                           함께 제주도로 가는 미션지를 받았다. 이 때 막내 딸 성율이
                           소파에서 앉아 있는 아빠 품에 폭 안겼다. 성율은 아빠 품에서
                           떨어질 줄 모르고 안겨 절로 시청자들의 미소를 자아냈다. 이어
                           첫째 딸 성빈도 나타나 아빠 성동일에 다가가 옆에 앉았고 준도
                           나란히 앉아 눈길을 끌었다.</string>
    <string name="uploaded">2013-03-12 12:00</string>
</resources>
